forename;surname;email;password
Sonya;Hood;Donec.tincidunt.Donec@loremipsum.net;TWD15SCD5BC
Clayton;Mcguire;mus.Proin@magnaNamligula.com;JRI08XPU8XO
Raja;Long;Vivamus@faucibusid.ca;SPH44ZKI1BQ
Garth;Massey;natoque@Maurisnulla.co.uk;LNW63TBV8NM
Cassidy;Gill;scelerisque.mollis.Phasellus@dictumcursusNunc.edu;VAA67HEK3TS
Ian;Weeks;sit@enim.co.uk;NNR01HHI7FR
Hermione;Dean;convallis@senectus.edu;VDY87SIW8YQ
Amir;Walters;sit@ametconsectetueradipiscing.net;LOJ13GDF6ER
Hilda;Wong;Etiam@elitelit.edu;IFZ31RQA8IQ
Shellie;Moon;eget.venenatis@velpedeblandit.co.uk;DYF51SAF6SX
Quyn;Poole;In.mi.pede@sodalesMauris.co.uk;UUD93MBL5SK
Idola;Sweeney;sagittis@fermentum.edu;PTS54DLM8LE
Sylvester;Brennan;lacinia.Sed.congue@necmollisvitae.co.uk;ERM90YVC5LQ
Uriah;Mccall;justo.sit.amet@vestibulumneque.co.uk;OGI50MZF2VA
Yoshio;Velasquez;In.nec.orci@metus.net;EYS97TVD4UD
Sydnee;Guy;congue.a@Aliquam.net;XTW49ELT2YF
Jenna;Hood;leo.Cras@pharetraQuisqueac.org;VMK91CUQ0XE
Wyatt;Short;habitant.morbi@dui.org;USS20FHO8OG
Ivana;French;fringilla.euismod@egetvenenatisa.co.uk;KPR71RZH5CI
Nathan;Maddox;dictum.mi.ac@lacusUtnec.edu;GSD63GWI2ZY
Carlos;Garza;ac.turpis.egestas@semper.com;HCR64SPZ7CN
Wyoming;Hancock;ligula@Seddiam.edu;FXR66JYL5ZN
Scarlett;Bowen;lobortis.nisi@semut.edu;IXH70ZJI8UD
Galena;Gibbs;venenatis.a@gravidasagittis.net;KJU19QMJ6QM
Cedric;Pickett;sit.amet.luctus@tempuseuligula.net;FYE83RYO4IN
Damian;Kirk;mattis@pede.co.uk;TGA07QMD8CE
Sage;Brown;elit.pellentesque@Donec.org;FAA86TWA3RQ
Bruno;Miranda;Class@lobortismaurisSuspendisse.co.uk;DRW85JGV3LY
Zenia;Roberts;nulla.ante@vel.net;OZA34DKQ5BF
Diana;Ellison;vitae.erat@ipsumSuspendisse.co.uk;DZI26OIG6OQ
Zachary;Donovan;enim.nec@necante.edu;CGG36VYH1HA
Brock;Wade;lectus@luctusvulputate.co.uk;AUS11GCS9QK
Skyler;Oneal;Proin.vel.arcu@In.net;HQD81BXA2BM
Jasmine;Gates;molestie@mienimcondimentum.net;WPI93GZM3JB
Mariko;Abbott;sit.amet.ornare@elit.net;ZKT54ACY4CU
Ariana;Ingram;sit.amet.massa@DonecnibhQuisque.com;SMU67DDJ5WL
Jamalia;Hester;eros.Proin@purusin.net;IIY76ZGJ2YA
MacKensie;Molina;mauris.sagittis@Sed.org;QUO96JFX9HX
Morgan;Lawson;tortor.dictum.eu@venenatislacus.edu;XEW83DET0DF
Hope;Burgess;Etiam.gravida@Etiamlaoreet.com;JTQ60OOR2TX
Aquila;Colon;et.netus@nisl.co.uk;UDV57TMH8ZK
Tanisha;Merritt;rutrum.justo.Praesent@mienimcondimentum.com;FBA47LDN9HI
Patricia;Schneider;Aenean.massa.Integer@ac.net;NDG57IKV3VZ
Hoyt;Combs;odio.Nam@ametdiam.com;RFM89JYA1JS
Minerva;James;convallis@iaculisquis.org;VWK28OFA4BK
Eve;Sheppard;molestie@risusquis.org;GDB02OYW0LX
Mira;Daniel;erat.eget.tincidunt@Aliquamtincidunt.com;NRW51ETJ5SA
Hall;Valdez;in.tempus@odioauctor.edu;KPA95ZHL1OR
Bruce;Donovan;pellentesque.a@egetmollis.edu;LZY53WYZ5AE
Ray;Bauer;lacus.Cras.interdum@interdumCurabitur.net;UVX90HXN2UY
Hamish;Moran;Proin.sed.turpis@mauris.net;CYN64TKT8HR
Finn;Hodges;purus.accumsan@nuncest.edu;BYN35SZZ1JV
Rhea;Clayton;et.netus@nibhQuisquenonummy.org;XLI76NJP1YH
Kenyon;Sykes;Aliquam.ornare@utcursusluctus.org;JDV31MRT6OB
Emmanuel;Preston;nec.eleifend.non@quisarcuvel.edu;XID69DBS2TI
Azalia;Daniels;risus.varius@velarcu.ca;NCG61UGZ0OM
Kaseem;Ray;neque@atlibero.net;OVU34RHN9PA
Travis;Tran;vestibulum.Mauris@egestas.net;OUY19QRD7JA
Gay;Kelly;et@consectetuereuismodest.org;TEZ98EKG0UK
Amos;Bean;tortor.Integer.aliquam@nequeNullamut.co.uk;VWD53MTI0CR
Nevada;Hensley;eros.nec@Sedeu.co.uk;IYW21KOE1LG
Abra;Sweeney;vitae.dolor@nibhenimgravida.com;UKP99AFQ2OU
Taylor;Coleman;ultricies@suscipit.co.uk;LQJ65ENP2UP
Dawn;Stanton;eget.dictum.placerat@nulla.com;CAE57BLL9GW
Jackson;Powers;convallis.erat@lorem.org;PYV21OFA6TD
Hashim;Sosa;leo.Vivamus@Sedcongue.org;KNP06XZU2GT
Flavia;Powell;Fusce@indolorFusce.ca;QOS56BQI0HS
Kennedy;Mendez;enim@MaurismagnaDuis.org;FFI38FDF0EU
Yolanda;Lawson;magna@Quisqueaclibero.co.uk;OIM47RRW9VH
Jarrod;Lott;libero@nonummyut.org;ETO44DWQ7IQ
Keely;Baker;volutpat.ornare.facilisis@ultricessitamet.net;EUV24WCP4DX
Brenda;Mccall;augue@tincidunt.org;VQP09ZQI1EG
Astra;Velasquez;Suspendisse.ac.metus@cursus.com;NNY19WTI5ZL
Paloma;Hanson;Donec.tincidunt@magna.com;YAJ91IGC1OD
Brock;Berger;gravida@imperdietullamcorper.co.uk;GEH48WUD6OK
Guy;Drake;Proin@placerat.edu;SZH38GSK4NG
Oleg;Hebert;et.ultrices.posuere@cubilia.org;FGW46DJR6PB
Matthew;Oliver;Aenean.sed@gravidasit.co.uk;EJE02BCC8KS
Jonah;White;sed.consequat.auctor@volutpatornare.edu;FAH60CMK1ZU
Raymond;Cochran;convallis.in@CrasinterdumNunc.edu;LVZ85XNF0LF
Bradley;Bird;vel.venenatis@leoinlobortis.com;XEQ12QSX6OM
Alexander;Carver;Nunc@sed.com;YOD39JHT4EU
Tyrone;Chandler;eu.elit@Duisa.ca;WAY02OEY0BZ
Dolan;Bird;orci@nisisem.net;CSY01HMZ6WF
Elliott;Glover;nec@amalesuadaid.edu;IQD04EEU5GQ
Dara;Garrett;eu.sem.Pellentesque@Maurisvelturpis.net;ZTN96LHI4RL
Hilary;Woods;egestas.blandit@libero.com;TYN81NSE3XL
Nasim;Hanson;nunc.sed@turpis.edu;ZHP84PUU0RY
Blossom;Marks;placerat.eget@Aliquamrutrumlorem.ca;BJE42BSZ6EI
Gisela;Donaldson;lacus@sagittisaugueeu.co.uk;SNL74NTW1DC
Lacey;Little;posuere.enim@non.com;QTB09KRJ6RS
Amir;Mullen;eget.tincidunt.dui@Nullamscelerisqueneque.org;ZGP69EUE4SP
Nicholas;Gilliam;lacus.Etiam.bibendum@enim.co.uk;YQE10VFD2GG
Alan;Mcintosh;nunc.sed@lectuspede.net;GFH35XIC6DP
Blythe;Logan;ligula.Nullam.feugiat@turpisegestasFusce.co.uk;MBO04EHC0YO
Leah;Weaver;ut@iaculislacus.com;JWQ84QJN1WM
Driscoll;Key;rutrum@ipsumCurabitur.ca;CGT44LQQ5MM
Adam;Griffin;ut.nisi.a@vulputate.net;AUQ18DLT8FQ
Adele;Kidd;Mauris.quis.turpis@consectetueradipiscing.edu;ZQN41UTR4IB
Willa;Mcdonald;Nullam.enim.Sed@enimmi.net;NRN27YNE4YE